eb7895af-60e1-4545-bc8b-c7ff18866f77,1.2
2296c50a-ab95-4ed0-b816-bdb9ae71918c,8.716666666666667
984789ee-0c8d-4642-9aae-7346170df2b7,16.2
77a5f56d-67d6-4771-b688-ed32ea21795d,8.25
7820325d-1ae1-4ad8-9ce4-649a8ac4e780,21.033333333333335
ea8a8176-d308-44ff-8339-a4e31870d579,6.2
ada31f02-5f6b-4563-9e67-d9a234583f19,20.2
50f90bea-aa1b-47df-8f82-c64e502c0f32,6.333333333333333
ef8b83ca-e4ed-4fcb-9a57-1f07a7b9e99f,6.0
bfef44b0-df90-4202-820a-051dcd471d3d,18.4
b9ce6626-5ba8-44ce-88e4-2f448c96754c,13.366666666666667
af6afcbd-6e92-45a2-8ad1-0de32e05b2f7,14.416666666666666
1514ee87-0d9d-48db-8011-bd52c9fd1f0b,2.75
08a53488-614c-450d-ba35-e00db0fa7887,1380.0666666666666
cef4b4ef-0ee6-401f-aa25-d3bc391771bd,32.81666666666667
6f5a6eab-c2fc-4eb6-af3b-42feaa60a835,2.3333333333333335
347163b7-808e-4628-a23b-09941e9dcb90,21.866666666666667
97581f72-2227-46f0-9566-4ae04d6a6ca9,14.433333333333334
cadc1640-9e8a-4098-bd53-aa43f1cf677b,5.866666666666666
dc2b50bd-6e94-4a1f-9194-6ec409cf1c0b,22.366666666666667
0ba042ea-6fe8-457a-a92d-187e75315aa1,0.9166666666666666
596e83ab-41f3-46ad-b745-f77897a1170c,28.683333333333334
b30aa4e6-2de7-44d7-b4d2-091b7b0261b2,7.9
3739b649-f94f-4dbc-a689-c9b51d0c4d59,16.766666666666666
f780a532-12d7-494b-9ddf-4f328e46ddbf,15.8
8a74faca-b154-466d-8495-3b95f4b0f2bd,14.25
23d27041-6099-4f37-a15c-d324ae53370b,8.083333333333334
a0a53f14-ddac-4e73-8bae-50209908eff3,13.633333333333333
390a453c-f46e-42d6-a5dc-0ce3eabe5677,3.566666666666667
2202641f-3f4f-44cc-8348-564b7bf25ec7,0.03333333333333333
b677d7e1-2193-41fb-9351-b929cda92302,8.466666666666667
8b8e5305-f190-4f6b-97c6-1b389e781c26,3.0833333333333335
ffba3b75-b8f1-4916-ad57-55e280b9964f,7.483333333333333
66b9d1ab-3393-4451-b02e-232c312f709d,16.116666666666667
d7711035-a590-41ff-b078-1406a408ceaa,6.983333333333333
cb127f6d-ca6c-44a8-b6da-f712e549d815,12.483333333333333
e05eaa53-dded-450e-a969-61b232074651,8.783333333333333
a3d82604-a928-490e-b16e-63d46a4bfb10,4.333333333333333
ff7936b4-c77a-41ec-bce8-7928217b7634,4.383333333333334
04df8fe6-25ed-469a-b790-922d363ae434,7.7
444ee3a5-9c6f-484b-a786-a241e0c060dd,14.333333333333334
14963c5d-6b85-4bbb-addc-b1ed486f78d9,1.3166666666666667
473ded03-c7d2-48fb-a3d9-459259a478de,2.4
64b6aa2d-879f-4289-ba2b-d35a1031bda2,6.983333333333333
ba2d38b6-e2f0-4355-970f-fe641b93ca94,5.616666666666666
204d439a-adfa-43d6-8864-332899b0dec2,7.616666666666666
6be181f0-2a52-4754-a411-8ea7f44a8a28,6.783333333333333
2231b399-9482-4ac1-90b0-7eb9e9e72cf7,8.7
d22c0d46-bb4b-42d0-8e92-224268e07bb0,17.983333333333334
1436e387-41f5-4f96-89c6-14befe02da26,8.616666666666667
909fed3b-c5c7-4a9f-8b82-125424e0f950,5.366666666666666
618c2f6c-db2d-4933-bfd8-d8b4e1665789,38.983333333333334
61aa9f9a-502a-4f80-94e8-8b40d9ace958,6.4
a0f35a97-834c-4f81-bc9f-be2e88aa253f,10.533333333333333
4d4c1a7e-6a59-4f9a-98b4-a1db5be2e663,7.25
1553eeae-dc45-440f-b402-60b56a6e3126,20.7
5a9aa98c-c51b-4b9f-bafc-cf986f36d865,0.2833333333333333
8b467fa6-784e-4bf7-a9f5-43e7655f6be3,16.166666666666668
71817a20-39ef-40d3-a94a-3800c838efba,16.366666666666667
20f1ac72-69f3-4cb3-b597-fe001f478506,6.233333333333333
8899c324-63a6-476f-8813-405b9cf6810d,11.583333333333334
198927e5-1a3b-4031-a4de-a20ea7be0ef9,5.65
d6496a2a-32cd-4f5c-922d-b3d2d131d48c,18.85
e521e352-61e5-4e45-b1ad-875f712ce9ab,9.433333333333334
db9588ed-2724-47d1-a0ab-3dbb57f74597,25.6
c0a46ac5-bbea-452d-ad5b-9358f015cdd4,10.633333333333333
4e5ca7de-8d4c-4eff-8f9a-b5f708e672aa,3.783333333333333
53f9c83d-c2c6-4a59-b06f-060cbf72dcfe,6.366666666666666
268a907c-c402-4fdb-adb4-18b5b7147196,28.633333333333333
60f34258-9553-458d-870d-fd453a701010,8.55
7e6459bf-eaee-4356-85ea-28b755b77c89,27.633333333333333
b7c0f268-b0b8-47ee-b879-ae0d8e2b216c,5.15
a3f861f4-9da5-4e20-a8c5-0b8e13389469,6.8
ecb2dcfc-52a3-4d8c-88d6-8f45e3da3623,13.8
b4ec4be8-4372-439b-8092-a56b16d6a064,11.316666666666666
53939dac-ea5a-4933-8597-2be3f2c43806,15.05
9687f56a-c1d2-473b-8f57-dd3311ec2d65,382.71666666666664
daff0ebc-0f1d-4ece-9e1d-8be129e87ba9,10.533333333333333
3c6fdbdf-a08a-47da-ac6c-3cf845e40de7,15.833333333333334
b3a44f71-5ff8-4248-94cb-fdf621ff5c1c,0.08333333333333333
d1fcb48c-476a-44de-b778-f19f4717309f,0.18333333333333332
f8af489b-a8bd-4220-86af-4aa629904dc9,12.0
386a5c34-d3ee-4009-b3d6-434b8761f2f3,4.316666666666666
8f2585d1-552a-4bf9-8691-05d6eb4cd4ae,6.566666666666666
a7028bc7-b691-423a-8a21-6bda5fd6e7b9,17.383333333333333
2e25d9a1-a46d-4660-bee8-8e2fcbfe4224,11.683333333333334
70e26d48-7465-413f-949c-359305df2681,6.15
4d59ca3e-0b28-4675-b6b8-0d5f5089b371,7.9
0ae243f4-4106-4f87-b715-af679e9cfa2c,3.15
a4095352-f72e-42f9-9e22-622dcd749af5,12.866666666666667
bad9bbc6-788a-4c78-a5bc-0dd4757ec2c8,11.133333333333333
cf6c6298-db90-4cac-8e36-3a5e3da314cb,18.333333333333332
88571765-b783-4b7b-b283-ce68bd84b73c,15.0
52f00a7b-6682-4c7b-9af1-f5834f193f80,22.9
ff62797b-e8e1-4853-982f-42326fb39302,3.283333333333333
b44164e8-2acd-4e5e-981a-5c182245ce10,6.25
f2fc66b7-e12a-4420-80f0-7608730c980a,1.9833333333333334
e63f7201-2172-41e3-b0b9-174e72b8d1f8,18.75
32eef7b6-c56e-4e59-9fd8-47b8fe8438b1,41.05
5af1379a-b8ce-4530-9b6a-649ea4643cb9,19.55
fb2a4c52-cf50-47cc-be33-b72c2bcbdfad,19.433333333333334
dd5f51c8-77f4-4d5b-a394-dac03e1b92a1,5.65
b18efc92-4542-4d11-aafc-28568ac0fa8b,8.8
67fef16f-5a55-42ff-b74d-c676f5a77cdb,1.2333333333333334
131e10b1-5353-4993-a37b-e2858d3d899e,6.75
7f79e82b-9198-4962-8ad2-51b66bf496f8,29.533333333333335
56e11d6f-6273-4c22-b3ce-8b39e7f9680c,10.3
4409b711-9ded-4f09-9235-a226279649f6,6.283333333333333
310c5d0b-1588-4e7b-b810-71dd6f71a6b8,13.2
994dfdc7-0f9d-48a0-a8ea-ca3317636307,27.95
3e952361-28a0-42a4-aa29-b17751903751,4.866666666666666
f30ac777-f7d3-43e5-a1fc-7edb3ac44d35,4.866666666666666
c3fedc6f-0b08-410a-8069-9feb2d36ee53,18.333333333333332
740ae65a-749d-4305-b1a2-3659a1e3a548,6.216666666666667
6a010929-81e5-4899-9045-6f50d5040d72,7.5
76be17fc-2e26-4742-a9b9-9e84a76f14f9,15.683333333333334
ede304bb-153f-4178-85ed-9b9d0944cefe,4.55
43b085fb-0a51-466e-a2db-ac1958e43804,30.983333333333334
92eb482d-3766-4f33-a4e9-a570e65d95da,7.05
6f0f5011-5a8b-437e-935f-f34bdfe06dea,3.05
a64cf3f9-fb06-4a5b-93f0-de34891d62d0,17.833333333333332
a86ccb7b-c39e-435a-9688-7791659f5a38,12.366666666666667
80d0c805-dd51-4fd5-9686-bc673a859073,11.333333333333334
ec9205a3-0617-420a-913a-2f88fddb519b,36.71666666666667
9badd999-0588-46ba-9f6f-5ce579bf1dd1,3.7333333333333334
dca9bb89-7864-46aa-941e-e3a4913b4c3e,5.216666666666667
0c29c982-bb74-4264-a85a-47f781db9fd0,3.8333333333333335
899eaba4-9250-4f92-a35e-0ccc18e4a09c,20.65
1c4b7394-c889-4dc8-bc5e-104ce1d9b377,16.4
c9cae5cb-5c29-4b87-8fba-9cc359bcdc4c,7.366666666666666
217b93c9-e24b-4f0c-a376-b795c5271e7c,22.833333333333332
8e789219-6761-4063-b52a-5137f21d5be6,4.116666666666666
f9c54919-0ba8-4381-a496-702e5a43c0ab,15.133333333333333
85a995e6-2c76-4e07-a173-b0a939040082,14.816666666666666
e5fa40a3-ba10-4e6e-932d-de8b1a576f57,19.25
110ea89f-13f1-4386-8f16-5a4c1c02d740,18.2
1725fd03-c6ad-4fd5-8072-2a680159c48e,9.4
89c06348-6e19-4bf2-9baf-7f4997201eba,20.983333333333334
facd57c6-f81e-4484-8531-3de906795447,6.483333333333333
b058c387-d33e-4b16-830d-8ce47c2b029e,4.833333333333333
6a41ad63-f507-47db-b51d-c08f73714056,3.35
c7d50eb5-3bc6-4442-b213-e4a413ad77d9,19.166666666666668
94a3a2be-2530-499f-9d14-9271082370a3,12.75
11af5c94-ee77-4e34-b052-9bb050340532,0.2
66fc9c04-ee4d-4f8e-9dc5-de248a6b8038,9.783333333333333
a34e5cd0-8c1e-4fea-b5e3-0d6614f41205,5.7
ff969439-88c6-4eca-a8f2-adf9c4ced86e,0.05
a6c320dc-e184-46a3-a9ff-2271b520c088,8.4
8b679563-ab6a-4735-9f15-4626813d5098,19.866666666666667
f96d725f-3fe9-415a-ad30-e68abc383511,5.883333333333334
68e40df9-7eb5-4047-a8bf-c8f63f1734a6,10.666666666666666
b219b3ac-95de-4a5a-99bd-a5fcd0c280e2,7.533333333333333
76d2f8a1-43e1-4327-9023-2c421b90f3ef,12.35
b4cd8b6c-aa29-474c-b53c-4952f35a8b87,1390.25
fdc57a00-bc0e-4f85-a25d-5449e0252030,34.333333333333336
d359ada0-7412-4683-a819-125b2db15eb1,34.333333333333336
5ecf08f2-4405-4610-bde8-5e10b53281f2,8.183333333333334
11ae0354-9325-4bf1-b1c8-46074025b6cc,3.35
e7696d5d-c698-4c50-92d6-9b6fe1607b8b,3.35
25fc7fb9-03d3-4b1b-a08f-209b963f3deb,17.25
3173fce4-6d31-47f3-b2ea-a646bf68f8b2,0.03333333333333333
675253c0-9ca2-48ad-9a9d-511a5f95bac4,10.683333333333334
64624734-a5a5-4498-a7a3-5c20c2a68bde,9.833333333333334
37d0c4cd-dd15-44b6-b3e7-a9955c638ec2,29.016666666666666
b43f12c7-4a17-448e-a6a7-1230f7fee5a8,27.266666666666666
97fecb89-af0a-43f7-b811-8e0225e785e4,9.116666666666667
3f0e9869-d43f-4433-a85b-8757c69e66b7,3.05
26d99023-e43f-4b60-bbb8-95d000f3adbd,12.25
f1c54218-7d05-478c-99db-a627a95a2458,15.05
66b4485b-cac0-411f-af68-3c86e3bcc56a,21.416666666666668
221c3d18-272c-4fef-aa38-71cfa7b6b119,13.083333333333334
d803df7b-d126-4169-b21e-f26c9a3cbd62,31.183333333333334
70129d89-740f-4142-a98e-b5af58a2323a,11.75
cfe40cc9-5ae6-4671-b0d3-1f21d9d77072,22.333333333333332
3a5bbb1f-951f-4fb6-a994-7f28812b1c4f,11.533333333333333
8cbcdc7c-3fc8-4825-ab03-4cc971edcf48,4.233333333333333
9c510eee-3fd2-4daa-a2fb-5772350f4050,11.7
75b947f1-502f-46c8-b7b7-14572d3468d7,23.383333333333333
3e2156e6-4ebc-498b-b77d-186892458034,6.95
af653320-39cb-43f9-b43b-1880a2083bef,31.116666666666667
c6a66fa4-a00b-4d3f-9ba1-2b2a60ec6359,5.616666666666666
6f63f13c-ba6f-45cf-a791-fc2cf3378e32,6.966666666666667
667b010e-0e96-4c75-b589-c46a84695238,19.233333333333334
b7ed2584-cab3-463f-9657-55016dfaf29c,9.166666666666666
2069005f-21dc-4415-b631-1d0226c1c110,0.08333333333333333
44203447-9be9-4311-bc0c-0d411cc9d5a7,5.466666666666667
609e3be1-c50f-4f82-a8a9-4c413ba05622,53.05
08141282-f47e-47e2-92f7-abe25ff1bbed,11.183333333333334
c836f3d7-4ff2-4b69-b02e-4623862ed1cf,0.06666666666666667
1a781b0d-3177-4b7a-8d83-cb93dcf4a31a,11.833333333333334
3ad3da3c-9673-448e-8fd1-bb7b0efd2c8d,2.65
5e07d211-c65c-4fe7-8f68-1417f56d7411,4.9
f8ddbe8a-8ab2-423f-9529-f6c04cb84ce9,6.666666666666667
bcb99abf-c38c-4cea-a3ea-9ba7c83f08d9,5.816666666666666
399edd46-51bb-4d8c-9c95-3f05c9c71cd4,0.31666666666666665
55162d91-42f7-469d-a2a0-83f65178cb89,7.466666666666667
6b189c3f-22b7-4cc7-8404-38a45e17f9fe,8.116666666666667
96788957-f0e6-4822-9de6-71b082596178,70.41666666666667
77e2d4a3-9f5d-4d2a-a449-d29d177bcd86,9.55
0c7c7d7e-ea4f-43b4-b4ec-da5be807f362,18.616666666666667
58dc98a1-e786-4ca8-a713-a6abe882834a,2.9166666666666665
c622937c-94bf-493e-8ca8-dc4a19b35707,0.31666666666666665
b5308b34-8eaa-4acc-a7a2-19ca15d286cc,5.533333333333333
23d78c14-41cf-476f-aa3d-aa1308cf35ea,12.016666666666667
e608ab7d-2495-4e0c-a092-61bb83caf261,26.033333333333335
a5eb4312-d918-43e7-af3f-afa8695f988f,9.583333333333334
50236a95-37d1-43b7-b6d7-cc8f29510ea3,19.55
b1888130-fb10-408f-b4a6-b4bfc44f9df3,21.9
b14136d8-2fd5-4f52-92ed-d43832f3373a,16.716666666666665
08fc7ca6-fadc-45da-bcd3-c36ddf7bc1a2,17.15
86e0f812-7e02-4278-b813-db4517c43bd4,0.35
1dbfd569-b08b-4f0b-914d-b669bda3dc73,1.8833333333333333
22a8772e-6e9c-4dbb-8037-0406fe2156b7,0.95
3e5e4aeb-79c0-40ef-8b09-1745a199bafa,4.416666666666667
63807e71-1f78-4b8e-bf0d-d4708ce57c6e,0.11666666666666667
b855b71b-0304-4265-8798-4a6bf8e71341,16.983333333333334
a3460982-4ec2-44e7-bb4a-2c27f5185941,14.666666666666666
f8a0908c-3a23-4575-b787-124bc35714f3,25.166666666666668
f1dca054-37d4-420f-bd43-59fb2f6e30ec,0.016666666666666666
a825f79b-9000-47f6-b741-f523cd0b9efa,21.666666666666668
7c5d2677-3057-46f3-bc4a-eec596dc6924,10.066666666666666
561dc314-b99e-4c43-ada0-b0cc9a8e5721,2.6666666666666665
bc0c92f8-abd6-4d98-909d-302577245230,8.683333333333334
99030e4e-5e99-4b08-b8d1-d94b71bf4c92,0.05
d29c8fc7-0fbe-47e7-b676-ed756a80f2d8,0.05
263ca9bc-d484-4f31-9bda-3d173ea02145,0.05
df0e15db-aff2-4b0e-8a1e-5a37342c8a82,3.05
4c5fef54-6626-4b0e-8c10-bb142ee20072,12.066666666666666
d0d548a1-90bc-4967-8a40-a5a0c7d021a7,8.916666666666666
419630a8-2d79-4005-af1e-72d67037cfdb,4.733333333333333
44d42eee-276e-498c-931b-149bfe1d5a18,11.233333333333333
39fda88d-59d4-479c-997c-1b08c17f0f2b,14.35
48d204e3-ea43-45b7-a0b7-afac6b306acf,1.7166666666666666
afb1121d-e3c6-420e-af12-3bd6b8145ca3,11.266666666666667
eea8a700-aa06-4e96-8860-0e1083d37aab,11.516666666666667
d320f9fd-5967-4213-882a-ceed8a6fd3bd,266.81666666666666
0d6a87de-cf83-43c1-8c62-1ebcb560d0c2,5.233333333333333
a817421b-8cd6-4b8b-8f9a-01e717fe4194,27.066666666666666
089870b0-5840-4ae0-a262-bb91fa4231f6,12.25
2abff9bc-3c08-4dc6-8aef-b51c4f4c79d8,0.1
545915ce-6150-426a-a6f5-033e1a4bd2e8,2.25
1d2df05f-4aa5-4056-8695-86cb89456cf5,13.616666666666667
70fc6cca-f233-48cc-a19f-d490194d5365,2.6
f27552ca-f5f1-4eb5-bbf6-fe5061f0902b,6.166666666666667
60c6e68e-73b0-42c8-bf3a-e769c648b384,4.8
01edcdde-02c0-4b3e-8892-b1c5d171847e,4.966666666666667
5438f49d-8f3c-4cb8-912d-808f75f54cb5,0.08333333333333333
91a60790-20f0-4c09-a70e-18f467e703d5,6.65
235c73b0-7aa2-406a-9a3a-8cf8b1cf4994,0.05
4d5e6a2a-c975-4654-94ed-0e3625e2f324,15.316666666666666
de185937-8d48-4739-8a08-b232f64ff965,23.566666666666666
f1079466-2f52-4d1d-a37b-d687f4b33bd7,21.2
a021080e-6014-469f-81ab-c06babd6b699,9.25
3c0b388b-846f-4c19-b65e-fdb40405753b,13.233333333333333
90e79b20-56fb-4c90-bb2c-b73108ddb006,6.916666666666667
b6f2296c-3683-4e2a-afb4-ddb2aeaf8697,9.266666666666667
b69547df-de71-4a94-8dc2-2a56245ff8ce,11.033333333333333
79c93256-7a98-4e01-b764-ab75eeb75b9f,28.383333333333333
298769b5-e4b1-43a2-8275-0200cbe7666e,16.116666666666667
9b450bc1-1601-4dd3-8cd5-7f45e730f456,8.1
59bc08fe-c568-4afc-8704-51abad0e1b7b,10.05
d4abab8c-a571-4c88-bf9f-08b074a2728a,8.716666666666667
b3bb1dca-c2fa-4bc1-b119-71ffe8fb9370,9.2
11933371-6f8a-4a90-b9b7-e686105e58d7,0.05
645b6fec-a70b-4ae5-a07b-0e9400a2a49f,9.55
55bb0747-def6-4460-8a7e-199fc0bbc1c2,0.11666666666666667
4a4a9769-d50c-44a0-a764-f6f4d846320f,1.3
dd8d434a-1223-4e12-b506-e048e422bac2,11.066666666666666
7043886e-1488-475f-86a5-0634dd7d1eeb,14.383333333333333
f4f65630-3603-4c77-a2c9-18afb9e66b2e,28.066666666666666
0537ab66-3c5b-4e5f-8394-948e60561439,4.133333333333334
23c9f9b0-d47f-4507-88a8-5d05caae6f3d,6.566666666666666
4ee15b7d-2c6e-4269-b902-b3cf8a1aa551,9.216666666666667
ae09e202-0e8e-4bea-be97-3ca1313bcd68,26.216666666666665
80b5ceda-6f3f-4f98-825c-6e1dc65508df,32.083333333333336
f0bb5526-e39b-4f76-bdca-7e0b999e98f0,8.416666666666666
bb89cb09-3c5c-488c-b2a1-edd2af45b7e7,0.06666666666666667
9a63d2d8-e614-4dc8-bbf6-850a51748d98,8.833333333333334
2165f53f-6d4f-45cf-9485-20734c720a60,17.75
1881c2ca-f646-4dfe-84f2-f0801d22d15c,0.06666666666666667
a84513bf-acb5-435b-a296-8371560878f6,2.3333333333333335
560fd4e5-fc50-49d7-88c6-f4f5f9605d74,15.466666666666667
c8d0c98d-3d15-435f-a970-39c7d9f1bd9e,5.95
80600e27-89cb-4c80-9b76-d26cccefaf76,8.0
74e6bd6f-472c-4976-b0bc-d243952969e6,3.0833333333333335
ed55b10a-58fc-4149-bfeb-75e83945d970,14.35
e14800f1-0a25-49eb-98ab-3ccbe29c78d7,13.016666666666667
a9b6e6a6-ed15-4324-9ff1-b6b27457c9d7,2.3666666666666667
2e51cca2-7901-4441-9783-d0a1cd2eb062,12.616666666666667
b1caf467-f9f1-4d47-8291-d2adf00c58f4,4.95
1ecaaee7-2262-4a5a-97a0-59aabeb9b34f,4.15
33a1acd4-2b3f-4b08-b571-a70b758d6723,12.15
bc214758-7e1c-44ca-8279-081e23970fef,51.36666666666667
2f856e0e-a5f3-49d0-a96c-a254d6527491,29.883333333333333
1290ad2e-39c2-431f-b06e-a7956b27d437,22.4
7a1bf1e8-2e6c-4a26-8aee-cc3f7fd486ee,6.35
11487da1-e862-42a4-bc1b-98aa3a165dd3,7.416666666666667
1568d1ea-e1c3-4e84-ac28-61953ead4417,4.133333333333334
8fbab3c8-efa6-45ad-88d3-40c535127960,8.65
fa8bc51e-a43d-46b5-947c-775811fd5dd1,11.066666666666666
50fe9201-ac9c-4077-9c02-82832580523f,6.733333333333333
ee473935-acb6-4a53-9188-1422dea69624,7.066666666666666
cd489245-c67b-4153-8af2-7e0bd0235763,5.016666666666667
5ff94a9c-e63b-4e46-9bc1-33a373867266,13.783333333333333
6d1af70f-0f19-49b2-89ce-d5b7c8fba5a2,3.6666666666666665
0b0ceb54-6ec3-4d0a-b10d-6b8adb681fba,9.516666666666667
f78aba8e-f138-40e5-aaa8-cc4f4baf488c,8.616666666666667
fcdb3563-f32a-4b54-a8e8-fc44cf18e0ec,6.383333333333334
1bc93274-cf4c-42c1-843c-2e0abd1f9fe5,5.983333333333333
8d684ba8-7852-4c3a-a9e4-29f77ffaf6d6,3.55
d5eb405c-907f-4b39-9fa5-e8556d65a4f6,9.866666666666667
63cf3b1f-fd52-47ba-903d-ec04f2f992bf,6.8
38ab1f6b-20dd-46af-87a1-0b1b6391a3de,37.65
76d86410-0a93-4e39-8f52-9282821b40bb,3.966666666666667
19db4457-2e66-45b9-bc35-8dcfadce7c92,17.55
1fc025f6-99a7-4eea-9b61-dfc072614ad7,2.783333333333333
7b1b1781-6b6b-403b-812a-a7fba448be53,1.4666666666666666
af5cd052-4fb2-4c8e-a82b-167b749cd1a2,15.866666666666667
489e9c87-9500-4e58-97f6-49c582cf37d1,9.283333333333333
3ef98150-4b41-4ad1-b9e1-f70d374cfb33,6.116666666666666
bb0dfe90-b7a7-4999-a0fd-f41d183c478d,17.416666666666668
496ed8b8-9c6e-4fd3-ad8b-feba9aa22e1f,0.03333333333333333
f6c4a09e-34b3-439c-9b82-59ec0b0a8258,6.366666666666666
9f36a215-7965-4142-ae1f-6a8eb7cde6ad,27.333333333333332
602e88a8-1587-4f99-9f60-6153fa1fcc74,14.266666666666667
8b337ee2-7e01-490c-8e76-303aa8efebf1,4.733333333333333
9b841f6c-8428-417a-8c92-065a88452da8,2.033333333333333
8b75fe8e-af4f-49b0-9a10-dcbe48c7b438,0.05
7f748105-3b8a-44ba-8a2b-c2661281fac5,0.03333333333333333
40e1e9a1-212b-44e9-96f4-95136978fc53,7.883333333333334
d581723c-99ee-408c-8a0e-316f7cfa8e53,7.5
4d2bd9d2-465b-4431-82ed-3ad7355b3fb4,4.383333333333334
d482f20e-8f63-4bbb-894b-088bdab9f4d3,5.233333333333333
796d2a85-ae84-4b62-83a6-75dca2171ed1,5.783333333333333
93632903-6535-450d-8808-ab0c0f55b46a,10.516666666666667
697e382f-e4ec-49ad-bb57-d92de55d12d1,9.366666666666667
ab6b791b-2010-4a8b-9a42-bd036b63e99c,3.5
400cd9bd-449d-474d-b53d-fd8fbad33fed,5.333333333333333
f337774b-895f-4caa-8797-709dbcfb20d4,3.3
43694494-59e2-46d2-9a4c-7c87d3e0def4,12.666666666666666
5283c202-8ae7-4a45-9ce4-4f0c1efef879,12.55
6638f738-3db6-4630-b6a2-19d7e47f7ce9,3.5833333333333335
c2a4fb07-10bd-4750-9cc0-6e47f8c1386e,7.333333333333333
830abac4-3e4e-463e-b8be-5b4226cb2578,3.933333333333333
8ddfc765-9c47-4af8-b8c2-1d9e799d0088,12.25
0cd7ddd9-6c2f-4151-8129-822219ebbd55,2.55
636b6ae1-68c7-4364-9f0b-a216dd5a67e9,1.2666666666666666
15f46f4c-11dc-480a-b366-c4cef0a34877,2.933333333333333
28118e39-ec0a-4e27-ab08-b2b2b8443598,6.583333333333333
f1a5257f-ac7f-4637-bf8b-6111286bfd1e,13.766666666666667
c84a32d8-b4cb-4ee1-85ed-10608cccf7cc,11.116666666666667
18912c6d-9a90-4ace-a262-2ebc476efafb,6.95
320eae05-9213-4184-aa85-349365d9960b,13.183333333333334
629ab30e-a910-4d10-bd78-343a708a33fd,46.0
b2624c91-4bdd-48d3-9e66-6ae71e632e98,5.833333333333333
3b1df120-35cb-4f48-a11d-2aa0da0cc6fc,10.95
c83967a7-d148-45c8-881c-3b444369699b,8.666666666666666
30a98fb7-c7b0-43fe-b636-220d1e4da46c,57.81666666666667
4fd7d3cc-b3c5-426d-85a8-617ccace024c,5.133333333333334
ea173a90-89e3-43d5-9e3d-4d61025c7c23,18.633333333333333
67b534fd-f877-4e2f-9901-a0a6ccc6c496,5.483333333333333
e991c1a2-a29d-43e8-8941-9d22215cbeb8,13.433333333333334
f425b34c-8e6f-49f3-8daa-d39fed019512,8.15
1cbeecab-8b60-4ec5-8c69-061d57dee903,0.43333333333333335
8c9b9e81-35f5-4c7c-b7c8-373ecca45f10,9.3
dceee9f4-4880-4b1a-9a6b-3f4ffd134402,21.416666666666668
cdb901a8-49ee-491e-87ea-2a779a669dc7,4.95
5bea55e0-82de-4303-9715-0d441ab6f8f6,20.25
88f8dad4-b923-4753-b78e-8a4f24ce8cf4,12.566666666666666
03fab653-4178-475f-8bc6-88b28bdb9855,8.833333333333334
a315a7cc-5114-4962-a22e-3dd9297c018a,10.2
dfbe38f2-ddb4-4773-94e0-406990fc5168,0.5
fdf133d9-5500-437f-8cde-6b115b439c1a,0.5
0432efe0-a933-4aea-b8ca-622c5e30b9c9,5.45
f750efe4-f734-4714-8e3b-ae5bcedef631,15.133333333333333
c4a43eee-f1ba-4c76-a90f-d35627b37e6c,19.05
7a71bd04-69c2-4161-8604-4db1ad46bd0d,1371.7666666666667
40e5be40-c239-4900-97b8-92113ddad563,3.5
0ca08d51-4442-4e4c-acee-947ce16db2f6,16.45
dbba3faf-202c-474e-8108-36134ae0f280,11.916666666666666
7c7a7ba8-7a17-458a-8c1d-37e0fbe1e21d,0.06666666666666667
7410f471-24b3-4502-9c4e-f69a4c68bdf8,23.783333333333335
1d162330-25d4-4805-8545-4db1590c5274,4.333333333333333
fc6bae75-a530-419b-a9e7-8a4f5107637c,19.983333333333334
ace07368-a981-4e19-9336-291b31e38ecf,14.883333333333333
0eaa65b0-175e-4c58-86d1-8237af1cd2ce,6.8
905b3c0e-e36a-4e5d-8e66-303844f49ff9,0.06666666666666667
edb9a5f0-ae61-4f3c-ac0f-a11ab2fcd8db,0.2833333333333333
6b70d99e-7083-4730-a464-2d49f5231abf,22.6
f798a5d0-5164-4106-9fb1-c3d9a054f53c,9.116666666666667
81ec59b1-a00a-4a11-8ea4-4fa42419d8cd,2.066666666666667
99d59ab7-bf97-41b5-9260-970aebce45ab,8.35
a64ca891-a40d-4295-94d8-fe1e3b8948f8,22.25
17304df6-947c-4fda-a8c9-c78bb5c354fd,7.033333333333333
a5828c17-b422-45a0-8249-47b0a395ddf5,0.16666666666666666
fe9f387d-0df0-42ae-b541-582957dc5049,18.4
7be27690-7ed2-4ff6-b0a4-7692a166e82e,14.366666666666667
095884f5-094c-45fd-81f6-dff8e21dc16d,17.383333333333333
8e4f346b-a648-4b10-a788-0d02be52b946,22.65
1d188951-2a4d-4773-a8ee-18bccdb8bc29,9.1
85bcf27d-40f0-4e8f-a928-a09bf511eb1e,34.31666666666667
7b7ba520-eae5-4dd7-8280-c5ff0644f5e8,15.65
959f92f4-6cd5-4894-865b-c05aafa90db5,25.45
cf88969c-4379-4821-94d7-b73498876291,15.483333333333333
2ca6e4f0-e374-4b71-ac69-d3cb21a46773,17.8
5ac87342-4276-4e88-a5fd-d587f5182492,10.0
5ee41db8-de3e-4797-9ae3-02342f2000f7,4.833333333333333
93212554-7b7d-4148-917c-88a62f4f6664,6.15
00dafae7-9c3e-4cae-9282-babd3941b24e,6.216666666666667
2e523f37-c516-4896-8069-c60451bfbc82,6.716666666666667
d873a2bb-1718-4e6f-a692-9f613a49c295,3.8666666666666667
4cd10e07-cc75-4519-b2b5-e3b9b1a59107,10.55
45f9fd9f-59fb-4184-b840-26595af2f551,4.95
06413fa7-d2f1-4c3b-b044-de782f101d19,4.95
28744383-2a0c-40e0-b96c-9c4654159ef4,5.45
3c3686ba-970e-410c-af4e-7fedde29d448,14.666666666666666
dfe5a06a-2039-40eb-a3e7-c50a465369e6,7.85
2410949d-8375-46c0-b9f7-e1bc81b1bd15,3.05
f2e8e7bf-8085-4b49-b91b-679012373fa1,14.45
5e840a82-aaed-48e7-8035-a64aa86fa98e,8.433333333333334
887b9a42-8b5b-468f-bbde-ce689ff599f6,6.75
53cb009b-ea53-4c95-baee-188bd53cf5ac,177.25
a9429176-cedb-4b40-8a4e-57cda5ec9b30,4.333333333333333
0925a260-aa39-4f54-b73c-daf4c65278b5,10.816666666666666
c90fefcd-8aac-4104-85d6-0d08aadeefdb,2.7666666666666666
a6da0b34-f622-4fde-a3b4-fa80316e2d66,0.05
afce0da0-e60f-4498-aafb-bd564f78fdbd,35.833333333333336
a0202b2a-7a55-49ea-aeab-3799e5ff883d,5.133333333333334
e3345e8a-3529-427d-b8dd-d79fb3a89389,18.25
248b1a00-c3f8-4c79-b9b3-e7daeada28dd,5.95
ad3c425b-ba9f-45ab-af4e-613d97036572,10.383333333333333
0af861c9-765d-4f9a-b02f-e5874b74f7fc,3.966666666666667
637e9286-6511-49ff-bb4e-f395df05823f,17.233333333333334
c1d9cbb9-f7e9-4c29-b5d2-29e6b1fb2fb7,29.216666666666665
4b72965f-c13b-4692-b818-33c54d2a531b,10.05
13f2f86d-4577-48c1-9c51-0d2c4b8f991c,11.7
abd2b12c-6ca1-461f-a45e-ae7063b9ebc6,5.633333333333334
c7223338-c67c-473d-973f-86aa905007e7,15.933333333333334
d23220ac-2dfd-48dd-bf37-18427d1a8703,3.6666666666666665
7da2c959-3975-4a72-b1e7-9b343a57446b,1.9666666666666666
c8b02337-eeff-4b2a-94c7-7976b1d468bc,1.75
2f112a5d-e2ab-445f-a507-224d7318a483,6.933333333333334
073e9eaf-75e9-4853-85d5-73bce23a849c,11.633333333333333
6da5d5ce-e632-4a22-9f19-817c618a0f03,11.683333333333334
d19f8b6e-a951-4984-9bee-78f0e00844bf,12.716666666666667
50cb1cbf-9592-4258-9b35-73afeefdee77,7.783333333333333
ce611074-7dde-46f9-970b-0e1053002b74,23.366666666666667
bc01f36d-ee80-4655-9b61-4be85434dc27,8.2
07c1cc66-b6b9-4fd5-9c19-5f637c09ea45,21.883333333333333
d66f26ed-eea8-49c5-9946-d29eca6bdc08,6.1
32bcbb42-1b78-4bb9-a798-f749439eae45,16.05
bc2a2d5b-f6f1-4808-9148-3002b0e0c163,16.533333333333335
2c86d609-1a56-4dc6-bbc5-6ceeae38dbee,7.55
4a567576-fe5a-4380-8d3f-2f6d90d8b6cb,32.333333333333336
8cf7b3e4-154e-4bcf-a931-bc94fcf392a5,10.416666666666666
34cfd14a-8bad-4737-b067-92c4d11808e2,3.566666666666667
4199d0f8-422f-4d3d-a7ca-ddec5c925a14,11.133333333333333
7b0b54bb-8e41-45f7-8cb5-ee11ed137a4d,14.7
bedd409e-0193-43b8-a5b5-289da5c555e8,8.3
1c3e8b6f-5f26-4d86-9de4-0f4b5a0ac5bc,15.8
f96462cc-f84b-474b-8b44-49b81d2005d7,4.483333333333333
8c0d2ecd-d910-4638-9b61-2a3f0f23743d,6.7
01ab86f1-beeb-468e-8790-7f16cee94591,11.966666666666667
67e2f84b-2f96-4df7-8282-89743c172162,9.166666666666666
ae9c12bd-99f2-4e73-a55a-9f01e819aa45,25.15
d03f0914-ec7b-4ec3-a73d-fcacdc93a1a8,0.06666666666666667
09bc6b09-2fc7-49fd-9d5f-aada8d302d9d,0.06666666666666667
bba1b9a4-4f71-4aac-b1f3-0d1ffd0403b3,0.9166666666666666
2f1543a3-52ee-4a1b-886c-605db925ffef,0.06666666666666667
b627e90d-b3a4-4af1-99cf-57b4f7d3695f,0.05
6d7a5ef4-a6c6-40b5-835b-36c0264471a3,39.416666666666664
18de6c7d-dbd5-41d4-b678-1566a6a6816a,4.15
3db4656f-1608-47bf-8214-d7cdb75d8c71,4.916666666666667
b8d7de54-2234-4525-8570-bb9d117b251a,0.4
83b9b557-c072-413b-a594-07ba5170ced8,7.15
7babd60f-f660-4fc7-a087-42ed5d09194b,6.2
b509893e-4cde-48f1-86b3-6692849b70b3,13.3
cd2ab848-596d-4add-8948-e125ec5fac88,9.716666666666667
579c7ada-25f5-45b1-b3f2-a7d1b89e89b6,6.983333333333333
771c1b0b-bafe-402f-a751-a9477e3dbee5,7.45
a9deafaa-c484-4ae9-b61e-32bc93f341fd,29.166666666666668
f588d454-66d2-4d5a-ab57-f5d9af627e2b,17.466666666666665
2ce8c5b3-1791-4058-b430-2f921af2cc5b,6.916666666666667
945aa437-979c-475b-a2a6-3bdff318d5b1,18.7
150aa421-b621-4d06-b969-abc8344c7d20,5.983333333333333
7efa33b2-d134-459f-96ba-f47c33cf8ec6,6.183333333333334
9ed94c6b-02ac-4eda-8ab8-f2188ac347b4,0.35
f43bdeda-bec8-422d-8a44-caa71fe6c87d,9.45
10ce2512-74a2-490b-8094-3f5d3409595e,23.45
8a91912a-877e-4fc6-8fb4-ec797f06f1ee,47.8
6a4043ae-2cbf-4b3c-b3cd-74cce4afe3fa,18.5
4015198e-c235-477f-99d5-c962ddb751a7,625.3833333333333
d69d701a-90f9-4c39-8a89-81cd4d1c4af3,13.933333333333334
8dd79ed2-a5ec-4b93-a90e-8893cfbac2f0,9.833333333333334
79bb949a-d8ca-4336-9478-aef8b62a944e,3.6
601f0524-9609-49a3-a9db-940b449c1412,15.55
a8ceafd3-7b5b-4a8d-b7ff-f052e159d617,13.866666666666667
fc4f2a89-b110-4472-88dd-c404c2a7c299,9.816666666666666
d5b4ce7a-4e65-4732-9f9d-a12461e8e822,17.383333333333333
06253168-8a40-4070-9942-b1ecfcba3e5f,25.1
a50f0481-1f43-451d-b2fc-f19d5d404de8,5.183333333333334
5f1b5053-5116-4f27-b09f-b176bba1c229,10.8
9ec30c03-a511-4c3d-877a-8cf6faadbb43,6.166666666666667
b50366fe-ea1b-4ee0-9fe2-7f94ec45b0f9,7.783333333333333
57999182-309b-478b-9174-d6390bc5f9ea,0.03333333333333333
a71f451e-094c-4863-adf7-be272ccfd68b,7.416666666666667
a42f9f01-8270-4589-8acd-baadc2957e63,17.6
a2fa6d1d-d151-4eba-be08-95033d95dc72,14.45
40e4a674-47ac-4fe8-9799-0facb90dff6a,21.116666666666667
149a322f-761b-4daf-826a-c9406251ad3c,13.366666666666667
8599fe95-2d21-4ceb-8417-95e90c2457dc,13.45
8f9c94fc-dbd9-4872-acb7-dc120980f6a3,11.15
a8e08930-1b82-44f4-8a25-b165a34cc901,12.583333333333334
af1dcfe3-14ac-446d-b3b3-a33c505f1f2a,6.6
4ac670e7-04d3-4c06-ba22-ff20b120b182,6.6
833b16ee-a6d8-4c55-b603-99811a465cc9,8.85
d0d0986f-4be3-46fc-8b15-bc62c13c70c1,6.85
7832aba1-b7fc-4aa5-b569-049d680bd5df,9.633333333333333
4b5e4fae-d6b7-42c2-926c-6f417a226d99,10.8
8536b6bf-c87b-4f4b-bbe6-39b80f30c8ea,5.666666666666667
f6c80103-0e95-4c63-9bde-311aee68b87b,2.1166666666666667
cd9518df-3ff7-4cf0-a358-6c7205c56914,9.85
19921964-3892-4076-9e9a-2779363857b4,15.3
8d417e0b-29e0-4278-8799-9179e8bd0adc,18.65
f17273ff-8342-4ee4-b33d-43ab503315df,6.566666666666666
5eea9177-a24a-44a1-a84b-bfd5aac36652,4.3
9bf70128-f157-4373-b90e-8b0fa1f1e8a6,2.5833333333333335
64e4d0b4-32ce-495b-a4f2-210e8e98e9ed,35.483333333333334
66f36504-b8ca-49e4-b29a-b07ca557a1ef,9.65
6c7b53e9-0490-4985-8aba-97b73b1a9389,2.2
2f7137c4-4351-4301-aabc-af6b50e9b4f4,8.083333333333334
256f617b-c89a-44b7-9cad-aca6c367b4c2,5.2
b50e43df-59bb-417b-a8d5-2cf04e01e52c,24.083333333333332
2fba35f3-fbf5-48eb-a52e-96274a389cb9,8.833333333333334
49aaacda-c88d-4d56-bda8-20b7bd39b7a0,14.916666666666666
305c06c9-709d-4504-aa4e-1dd27f7ddbad,21.383333333333333
e071ddaa-4f00-4ff0-a8c2-bb03b6449465,14.9
b7450722-5ad8-4124-8d65-e17f8b7b591b,3.5
c8aa6e0c-b103-4e3f-bed4-8889d669aafc,26.0
97ba0944-6863-4a78-a5a9-1c3a01935121,17.183333333333334
19e73aa8-163b-44a1-a4f5-b5ff491319b6,9.666666666666666
fdcc4dee-c406-4919-8c68-3288b3e82447,15.033333333333333
3d40b5b8-960c-4942-88ed-a98efad0a6f5,26.3
3b56e9c2-3229-4a11-a53e-69df55078acd,9.7
394bb04b-0a50-45b4-9043-3cf20953c33d,13.933333333333334
f5177681-9a27-4b96-ae61-8939695c0e17,19.216666666666665
0e9ce4ae-ec2c-4e18-b092-01e20b3179f0,42.56666666666667
38288fd3-be80-4afd-b3de-603b68577a15,12.1
fba90b84-0eda-4933-af42-7d5d2c6e0b41,8.283333333333333
49353200-0b09-4593-b6e0-63670a44fdc9,3.3666666666666667
9b672f6c-02d2-41ad-af60-7716242c1771,19.0
c6d916c1-cf06-457a-be79-ec0bed361f58,31.7
0ede7178-cc6c-4560-a3b1-dccc416a10f4,10.166666666666666
da78f17b-571a-4c97-8137-c5ffcd759fc6,0.2
7e72c057-0335-4ec3-8621-13404b8f52a4,23.6
7adefd5c-b3ed-46ba-84c7-7abd1842f189,7.95
91717cb4-7537-4af3-965d-125465031f0e,6.466666666666667
d30da856-f36f-442c-ad74-09bd027fb188,3.533333333333333
4f5bb9dc-c671-4f22-9d84-4ba33aabe801,8.783333333333333
01881418-d1dd-4ddf-a3a0-995e356047ac,22.9
6c9c3d1f-676a-4292-8e33-c3f184c69f0a,10.616666666666667
e74ad04d-526f-45a8-aea3-5dacbde479de,10.766666666666667
61ece603-b563-4bb8-9e4a-398e441d1d03,4.483333333333333
78b89f8e-8b9a-428e-8f91-6ebc8d9e50fb,4.166666666666667
eef39ca4-fe0e-49c5-a0c9-3434ec873ab5,10.066666666666666
4ffb0f4e-796d-4611-8ef1-0abbda2628b0,6.1
6851fe02-acae-45bb-8e58-af95bea274fe,23.333333333333332
7736d4d1-5a46-4e67-b6ee-a40e82ee0c61,6.516666666666667
4163effa-fe97-4af6-949c-261dcab45731,13.8
e5dbbc84-f0c7-4c03-bb58-fce89f7bf02a,21.583333333333332
18f054a1-96e5-4bc4-8be2-585a95fbbd63,19.433333333333334
1a3cb2c7-7e04-4e4b-a00c-906273913cba,6.0
30bcb6ca-9f36-4e2e-beb9-ee48b65da473,19.133333333333333
07d2b211-1f81-42e6-9453-d8997b34c80e,4.25
ee5e8952-281f-46f3-a7a1-07280617d6e1,13.25
97e54a2a-ea4f-4a51-80b8-3b2706551646,6.833333333333333
65050b1b-33e6-46f6-b16c-d86a6d7ebb31,11.633333333333333
63776ef2-eab6-4e3f-9722-421525c67cb5,12.383333333333333
b53de199-dfb5-4ad5-aac8-9135c4fbfe20,6.733333333333333
ed2ed659-2c90-421f-92d8-c203fd2cc1b7,31.6
0a2189b6-c748-4ef1-b593-f1729eacc625,6.033333333333333
eee281b9-ba53-4770-a95b-1ec4f03550d7,5.933333333333334
b6969e28-94c8-40ae-8860-ddbde42c1c62,1.5
1c96df81-0589-4129-9b1e-fba8628da451,23.783333333333335
92907e0c-ce5e-42e1-9d59-e76647991176,13.133333333333333
7cb381e9-24dd-4124-bf7b-348980a55977,3.45
98a3d44f-2a39-452c-ac83-36975d5e86a0,8.083333333333334
d37882ca-f690-4b4f-a7e0-8467baa3d9e2,5.233333333333333
8170c2df-9e35-4cd2-bd87-7590c6549858,17.2
9d61004b-1167-4358-bb8c-c60469195516,8.816666666666666
b02539ca-3bea-49f9-84b6-9ed0932d4c60,0.0
3e238b6f-b2b5-4638-b882-6841cdb00ab8,0.5
5e24ed13-5f38-44d7-9433-e424467b5b1e,170.23333333333332
a44b051a-5416-479d-ade3-166e6410f030,4.983333333333333
c0fe1e6c-3208-467f-a64c-6b52244dd1a7,8.55
4bbd2080-b87d-4568-91f3-b297f7c830ed,5.216666666666667
9f74cdb7-56ab-41ff-a7c9-0fc3f5edcae0,9.75
ee68599a-7ff6-4a5a-8762-f9700624bcef,6.95
e23aab95-dd2a-4b88-b943-0be236b57260,21.45
813a2350-89be-49af-b0f9-d464a2961bf5,13.683333333333334
363642d3-57d9-4c42-9487-fcb7e9fcceb7,6.983333333333333
aeb85bac-3254-470f-b432-89ee19ce6a1d,17.566666666666666
f9ccbd69-e9eb-4e49-a855-053819d1dc75,14.833333333333334
d824c9ef-2cec-4801-a87e-cadc3eb0b543,2.85
0e33423b-0ab2-4b13-9109-28ae17c07530,4.2
7319854f-ae01-48ed-b4eb-b5231ae25cae,14.566666666666666
fc47fee7-40e9-425e-b969-065742cbbd5f,7.766666666666667
b10ed157-a172-4c5e-96e0-b648b8ad93f0,11.5
17deccfc-10a1-41f8-b4be-365b2e2867f4,22.05
ee7f7b3e-887a-41a7-8f49-0d01e4cc5493,5.283333333333333
7fe95d55-6ef2-452c-ad27-52f784d8ae22,6.483333333333333
ee37ffb6-9cb6-4d5f-99fd-5dbe1d6a801d,26.85
5990679c-280b-40d1-b922-5599a18410b4,18.516666666666666
93a74a98-5c20-40d4-9429-52ad27304c94,14.916666666666666
5a4814f9-e7a0-4cfb-be44-a8f0500c2e67,18.5
3697676e-3f6c-43e8-a813-bdb3c4bd6605,12.983333333333333
187c2e61-ced8-4cb5-b9ae-cccbadf39997,1.8666666666666667
08460384-8579-418d-9237-a9157f4de32b,2.6666666666666665
e148c186-59b3-40cf-9873-a5ed803680c9,7.85
c00bedbd-abc8-42b7-be0a-f2b6a03de701,16.416666666666668
15b01dc4-628b-4932-bf68-317d18bc61b2,9.2
1f993fbe-a4af-45cf-8212-ce7bda2c57fb,9.833333333333334
76e6e508-5fa2-48d5-a4af-185f7c4bfe31,3.2
67b71612-b55a-4cd4-aa65-e636f00beb2c,6.016666666666667
a2edbc44-b999-4630-9d32-02e5ef0487de,3.3
9a53cf2f-73ec-42c0-a845-568393c9c2ed,29.033333333333335
c8a95970-300e-41a0-afc7-7f5a4bbf7a4e,2.566666666666667
47d12f4f-e332-4db7-96dd-d221c0d00eff,2.45
f4cbd0a7-91d4-48ae-b237-30a508f25e64,23.85
ae7d43c3-3927-4fad-9524-7b8ae75506e4,2.8666666666666667
3499afe0-9196-42d0-8a50-675aa4377fe7,7.6
c722b515-673e-4d9b-b8a3-a7c17087379c,5.75
bd213733-291f-49f9-8741-07a35b5c42f6,26.183333333333334
e710485e-7871-4639-8ae2-b9aaf7b71b32,21.733333333333334
f620601c-01ed-4603-9903-d1dc5eead88b,16.433333333333334
f85c03c0-226f-4386-9f90-0e42de7220ed,6.25
7595d7fa-fd2a-4c04-a7c4-46d2097bd478,0.05
aee9ae1a-e7e0-48ff-99fe-7214f4d4f84d,26.933333333333334
361edb9f-8cc9-47a0-a315-3fb0dd42e25b,10.116666666666667
1c0bebca-4059-4a05-bc57-6294b325acbf,10.583333333333334
daf3a4eb-5083-46e6-b996-1177905f83bd,23.566666666666666
b8c95db3-6247-4657-9c8e-d21fc03cfe37,8.166666666666666
e6bea875-76c8-4b5f-93f7-12064f85d360,6.5
aaf3e5f6-e208-4cfd-9251-f08002f67cd3,9.0
f30dc1d7-9053-40ce-a976-6516b9997174,7.516666666666667
01b61d3b-7a1c-45d4-aedb-5d5e4b3add5b,10.416666666666666
3649811d-ec1b-483e-911a-7be683817e96,4.8
c7f65e60-c364-45ef-87be-a151a515d149,21.716666666666665
4a8cdf4c-ee5b-4b69-b4b7-2548a2bb9b00,10.45
e513d1bb-cd82-45c1-8d3f-3f40ab0186c3,12.416666666666666
7629c36e-1bbd-4891-b80e-25d09d28743a,16.916666666666668
147c662c-f8a0-4d75-99a8-182f948abfb4,6.15
f9ba0d60-104a-43d3-8204-be65cfb5b6f7,14.883333333333333
d152bcb7-df14-421e-a460-174a6363fe1d,12.883333333333333
6f0b6c7e-6893-4a5d-b941-54a7d9637ef4,4.433333333333334
a0eb51b1-5058-4761-bf92-ccd720792a22,9.15
0e36a44d-3ca3-45f6-9437-a332c4be9eab,12.383333333333333
d77bf9bd-9cb3-4ecf-8ca4-11304b0ebaf0,5.916666666666667
c68ca63b-47db-4389-9b87-7d32bb18fc31,0.21666666666666667
f3de1103-e804-4b7c-89d6-549dd0b3d786,6.516666666666667
7322425d-8349-4032-963c-ff7f54cee8c6,9.95
bec5257f-b383-4f1b-9b32-9d770c9290a4,6.683333333333334
d54a9888-c150-4bd0-ba82-96a5c28047d2,16.65
f1d9c710-4664-406e-901b-3f1b767bf978,0.31666666666666665
960072fc-c9bd-4434-80e8-9ed96223c775,7.8
1e456c8f-fade-41b1-be0d-7c395c89760e,10.933333333333334
3bcbdd28-95d3-4831-abb7-065972b89c87,15.616666666666667
7e813482-2e3d-4296-a19e-c44eb03f5c9e,10.15
4a34f67f-d881-454e-bade-7b3944da73ab,15.666666666666666
2d66c7fe-91b1-4b6c-93e6-5d2bc28104f5,27.4
59c07eae-c364-41c7-925a-c41c1eae7474,12.25
77de8c9f-f7e2-4823-ab84-73f73ddf6c74,17.733333333333334
beeb263a-2153-446d-b85f-faed3a9b2e4a,25.25
935220b6-006f-4798-819a-2f126370266e,6.216666666666667
82eb2447-e3b2-4490-8251-456f2b8e31ae,12.966666666666667
09a4d0af-56b9-44de-a344-ee569e1ad9c4,3.65
26fd854b-9092-4c7e-917c-558f89c6239e,15.666666666666666
0af632ef-34ff-431d-8b21-0b9619238c37,10.933333333333334
5c361a2d-507f-4676-a78b-263d2e9ed294,3.533333333333333
9c967b5c-641c-4f64-ac05-3cdca958fb98,4.25
5a05a6e3-698c-41dd-aaa7-ccc1167a7d07,10.916666666666666
298e26c3-b046-40ca-959a-e96b745d9180,3.4166666666666665
f0f8e10d-5028-4b4d-a956-ca4144f15a17,12.4
52b4af1b-57cf-4564-9b7e-28cc4908fff2,17.5
3fe7ca9d-5878-481b-8e47-13b1add1f104,0.03333333333333333
4bccc923-17f9-4e39-8457-83acfe2221f1,3.8
40e64828-fb0a-4cda-82d3-19090bad72ab,8.75
a8982d46-27fb-4900-8a44-34ae63528b52,24.716666666666665
0adc9147-92fd-40bd-82e0-9bd41b03ed27,28.133333333333333
e43c2ac0-0511-4eea-b619-c7610b7c6917,12.583333333333334
7e4e84df-379b-4539-b10e-e8e527fd8720,4.966666666666667
009468c0-9c3c-4b8c-bb2c-8169fa619d50,10.5
a8160a64-9149-44e3-bfb3-f8a1ff7b0ef5,26.566666666666666
559b0833-84af-403f-865c-8d1d650a3d13,9.7
65168e4b-e75d-471a-95c1-6f9ec29614d2,13.95
09f8ac21-00eb-4f81-b5cd-c8c78a6a4e64,8.183333333333334
306bb38c-dc6e-4ec8-8f24-cd84718abbf6,3.1166666666666667
7fc5b787-2f44-42ff-bd6a-3675998211db,5.183333333333334
1382de24-69d2-48b2-a83f-55aeafea9bc9,4.116666666666666
7b534df8-2efd-4828-b0fe-e74f219eb358,22.966666666666665
d91bf452-428f-4845-ab66-2e8e86733ea4,12.8
dd614b92-b070-47bb-be8c-97712d3ac39c,12.9
017da5aa-d258-441f-8a3e-d087c0c59d45,6.4
58e4a2df-0e57-4966-bde3-e517689b7642,10.133333333333333
2611db0c-23be-41dd-bdc3-290d7c9a2cdc,0.03333333333333333
0dc76aeb-188c-4c97-b432-9f611a507794,33.8
6e38e89a-afe6-40fc-a978-006c1bf42077,11.816666666666666
8cf30b6b-18c9-4f73-bfd5-2548d3d2b4dd,20.333333333333332
e88c4387-3e8a-4d95-a52d-c3adf57d7ced,12.683333333333334
675826d8-1f19-4bfc-abb9-cef1417cd5b4,10.983333333333333
754d8ea7-8f3b-4c2d-87c6-20009baa9764,11.6
fc0ecbc6-ed57-4bc4-bf48-f67dc42390eb,0.38333333333333336
f2e1706a-72ef-402f-a1bd-8e1b09f41a51,4.35
f55d89c3-af0f-424b-a990-bba7f40fa45a,5.5
b68c7fc5-9c36-4cfe-8c4c-fad7e131a964,31.833333333333332
64d52fb6-592f-47dd-b9cf-c28d926dd214,5.816666666666666
9b4d42e2-048e-4ef2-b944-a48b230bce24,8.266666666666667
9c17fce7-8634-43dd-a6e0-0bcd699701a4,7.733333333333333
353064ff-a0b5-42a2-b413-466512f45f98,0.11666666666666667
ac236e26-d526-41a1-b818-cf685ca174ab,7.35
e2e5fff1-4600-4603-8786-ac58cacba5f1,12.433333333333334
c05346c7-8fa7-49fd-8958-70c9edc5ca2b,13.983333333333333
a240b5ea-942f-455f-ba17-3a8c8e275ccd,27.616666666666667
e2da94ad-d62e-4e2c-91fa-b0b7c7ee1193,40.266666666666666
e8e736de-4753-4f06-9520-255d0ad30370,2.316666666666667
8ef87bb0-290f-4761-bfb5-585d29bf70c9,11.383333333333333
a1e575ce-f746-4a0c-9eb4-43575cff7f6d,35.43333333333333
47c75785-7ac5-47d0-82a3-f9e92811e9bd,0.03333333333333333
7841ef41-c865-462e-aeee-a9c968443122,10.85
3b081c2f-0885-4e58-8bf7-c0d1beddc2fc,10.433333333333334
0768477e-9884-4293-bee9-5f26645a496d,4.716666666666667
e61ae323-50e6-41a8-9eea-d120cc23b56b,26.9
559ef3c9-67aa-48b7-9bc7-16d3ec3f445b,17.866666666666667
f6112a88-5528-4b04-89a9-e59c44d8a22e,21.3
f3e0de47-a060-44b6-955f-356c0fc45e81,24.05
976be467-5f49-4d44-bc2c-0dfcbaafb06d,9.0
46031043-bb49-443a-a211-d7982f6c0a5b,4.7
ce61f517-720d-48e1-bb6f-c947613b384e,27.35
96306d04-fdf7-4a5d-8893-70ab9a7bc0cc,17.05
838d844c-b1b9-450d-b1d1-36636ae7492b,16.983333333333334
02070894-fc58-41e8-af86-143432c351c0,4.8
c3aa9c41-c3ca-4474-bb10-37b6d19e4a70,5.883333333333334
d0178be8-142f-4bf1-98d1-920b6c7f30d2,13.416666666666666
cf597e90-b44b-4a3a-982c-23693a2add1a,10.733333333333333
a352632b-df78-447d-ac85-94361b5ee243,3.7
7be2ffed-08d3-45f5-88b7-c9756ae77fb5,11.566666666666666
11497a06-4fc8-4771-a744-c738a61dfaa8,17.533333333333335
5d18fe73-9da5-40b8-a6e7-a119c3cf2892,32.666666666666664
0b2d0684-194e-40c1-8c58-d04b1bfcff13,6.5
6ed9006c-7405-4543-a40b-e2eba81055ce,15.866666666666667
5a284990-6a9e-4ef5-9a7f-1b4843845a33,6.233333333333333
0491762b-3a6b-431b-b732-cf188792fde5,12.583333333333334
50231655-8659-4c27-b206-454575258816,0.06666666666666667
43dbadb9-9efc-47ea-b79e-efde521c0f46,8.65
c7f816c6-d24c-4905-9ae4-dc1b0620dc28,23.516666666666666
68bb45ed-394a-40d1-9410-7c03a0878665,6.85
1c235f6e-74a4-477c-9e33-de4de7538cad,9.416666666666666
58d01046-d412-4edd-9e81-e4a1c4936d4a,7.433333333333334
0d2f2901-8d4e-4120-bf30-9f54eee096d5,14.116666666666667
9506094e-f7ac-4868-a9c6-531ed2fb0f63,2.9166666666666665
7b503034-3bbf-4a69-990c-a1830c657e78,6.766666666666667
5b267bd3-718b-46ad-ab22-115992cd7b7b,5.383333333333334
ba99a2e4-6b9b-4751-a055-35b7e9b70cf0,10.05
5c945cac-3d06-436d-95e7-d7778fc709c7,8.683333333333334
587cd3ff-aab2-459f-8d6f-a722c69ac048,16.633333333333333
398bcaa6-be10-4e29-bb48-c74133994257,42.55
704fcb9a-9426-4363-914e-1c60e01ae9b4,16.516666666666666
8a5c30ee-3c98-4575-b82a-4461ef5ffa90,0.03333333333333333
a8e017d7-e04f-403c-8a5d-63323d31744f,16.1
a085953f-40dc-448b-aca3-d6116b5d79b0,3.45
2563ea07-bb97-40e9-a630-958aa5e9b8e6,7.383333333333334
60ae1c1d-cfb6-4705-ad5c-a3dd2a3c5b20,15.883333333333333
a33bc2d1-92aa-4187-9503-aabba7e1ac4b,22.15
54ed1a04-9472-4277-a96e-d660dda0a492,5.15
c764a0e3-11cc-4a39-a43d-b552644edf5a,10.683333333333334
03e8d63b-f60b-4f5f-8d96-6d526af2946a,13.683333333333334
27578a93-5b17-40a0-b36a-449318964d4b,25.1
408f2d1e-9a53-4910-83e3-5f6a44e40ead,11.133333333333333
c7643188-7a0c-4e80-b055-8e176fa8f689,31.3
a9415df3-ff0b-4cb0-abf4-127a9f28602c,8.45
d042cc1e-bb0f-4c1c-abe0-eb610648b843,6.15
06992389-c76c-4206-b2c0-cdc734d7a8cc,8.4
a5ef1fd0-c540-4b2c-a443-db2788c23b32,4.8
c2e83851-0efc-4332-9237-4e43ad297a9c,9.15
8693cca9-18cc-4f81-a567-b3ee9386dbaa,13.766666666666667
dedb54f3-8e69-4011-aaf4-91022bc93d23,3.2333333333333334
4e0ca6d5-2226-4676-b6cf-6b68413c2b29,13.933333333333334
0cb129e6-8b5e-4bc2-aa15-65cd9d9c55b5,17.366666666666667
0a54b703-ef2e-4f44-9a69-338a0666a508,11.716666666666667
aef3b41c-83dd-49f7-92f6-2ccbad0cef29,9.616666666666667
62833271-dcf4-4f1e-a202-eb99b9620359,44.416666666666664
522006a4-90a4-41c5-aaf3-71bc886b679d,15.033333333333333
bd244791-1fdd-4e33-ad13-f15fa883c8f1,16.4
a70713cb-5b65-42bc-bb0f-6ffdb9144678,12.666666666666666
a4d72df4-d28d-4aaa-8e68-c9bf85dd99ac,0.18333333333333332
c83ab4a9-ef95-4c42-a2ca-a311b4a10efd,15.516666666666667
20825332-1e20-4ee3-a7ed-02622bb198d1,15.483333333333333
046344e4-8ac8-420a-b7cb-c421c7481e34,7.0
71fc65af-a4ec-4bcf-9888-fcb20b4a7d57,15.25
3cf80890-044f-479f-9a7b-0ab48de7bc8a,21.883333333333333
46f397ea-c676-4b66-a2d5-789b554f8ad8,20.55
b7d801f0-b663-49fe-b8b1-50c69345adf1,6.916666666666667
cdead40b-a522-49b4-9b5e-ab42475578a4,16.95
94939211-dbf0-43f3-b3f2-ea0d454b508e,12.15
b49dc755-6dc2-46b8-87fe-d145d6e426f3,23.016666666666666
2f414639-3d7e-45cd-a3a1-1abbbb2294bf,11.383333333333333
aaf31b06-929f-4464-9545-727696671683,15.95
87df0201-4bf8-4d40-a5c8-51d902b0ce02,14.683333333333334
faa872af-bba9-4505-9bc7-36ea986f3854,16.75
f98f2e76-d98a-4f0c-b579-a05d9ef22cfc,9.483333333333333
414264c5-0a05-41f2-abde-0440d096a34a,5.016666666666667
bfb9c829-73c2-4196-b6f2-8ab25341d42f,14.75
3dd388f0-778c-4dfe-ae98-a014591d3d5b,37.0
4c5f9be4-a7b3-4b00-81fa-bc4c2122fefd,12.833333333333334
274d0e64-757b-4383-b6c3-504cc7bf32f2,7.25
3e79a2a6-fdcc-4ae0-83f4-8a266064622a,3.3333333333333335
0b5aa478-38f8-4c76-ae78-0dc0813b8d4c,9.716666666666667
29911e89-1bb8-454a-9d14-6f85524f6d95,10.6
5e56633c-e4ce-468f-a4da-5cb40767c345,6.183333333333334
f755e9ac-6074-4bea-9bcc-7a70249a17b9,31.866666666666667
358184aa-aafc-488f-91d6-b213b387601a,16.85
1e406d52-f911-402c-bac9-9bf54facae34,7.416666666666667
48c473c3-34df-4ed0-9503-d102627af896,10.85
363c0fb5-8527-47b5-979d-1bed8d70e418,8.95
96353c53-c787-4044-b730-3604b02f1a2e,6.083333333333333
f23a2a70-48fc-4e51-8baa-f9cc7e129054,11.666666666666666
a0c2f8a1-bdad-47bd-94f0-55e56132a6e0,4.583333333333333
ff4617e8-9329-4478-ae39-deb1f86f18c6,9.033333333333333
991e2411-4001-4d33-b5c1-da1e9a24baa4,21.716666666666665
3f2c6f3a-5c38-4588-b253-ac4301e04185,16.883333333333333
07f566f4-b1e5-4516-a205-2ca4be8bd96f,11.916666666666666
8c6a5141-42f2-4c7d-a010-ddec311a99e6,16.1
3ac60690-5ead-40f3-bcc9-463e41f679bf,17.533333333333335
eebdc1e5-88f2-4be3-87cf-1d10065b3c21,11.466666666666667
4254ffd0-8e98-48fc-94d8-4728c2038f61,3.316666666666667
7220c867-9735-4ef9-86e1-625ad6f4bc15,8.65
e4601403-b6fe-4eb5-a70f-e36695ef6669,6.05
a22fb83a-0dba-4758-b333-9322f0c06224,8.333333333333334
685c2f18-d77c-4384-82e2-f224bd625ace,11.083333333333334
7ccd7285-e2f0-4d13-8d1a-2f40a8706480,23.433333333333334
31d528f0-b197-4d79-8590-9d4391fcff65,12.05
26f1c053-00f9-49d7-8dcd-80fe39209605,6.266666666666667
d5d1f010-2393-46a5-aa48-ab45fa5bebe9,10.2
41ef5c1d-8adf-4449-8821-c0feca3c5cd4,13.566666666666666
047ef6f2-aa1a-4a56-9727-b75ffd913c06,6.733333333333333
e145ba42-bc97-45ea-84f2-c7fc091f1e00,21.683333333333334
5b6d72d0-9056-489e-9c4b-71545ec3a55b,13.6
7a09ed09-d6f6-421b-81ae-d464c869f6da,4.166666666666667
03726d04-fd1f-4bb7-a936-d6ffd5882f06,2.8333333333333335
8333e98a-02fc-413f-8ada-26f459d03d11,16.566666666666666
1e0cbefe-dd3d-4c65-9d2f-af26caafec6f,8.0
5487604a-1300-4aba-9d56-cca677b43efe,11.483333333333333
c56108ec-ef4c-4119-b770-76f232677835,3.8833333333333333
d1e976ef-d1e4-4f45-9528-53b79bd9b2d8,8.3
7019d5f9-515c-4f9f-9240-6659049df0ea,10.666666666666666
2a142360-add5-4d37-bc0c-fcfd13879bf8,28.116666666666667
ab0f98f4-7478-4881-afb5-fdc78734965a,8.65
cd671bd1-b8c3-42d9-99a2-95796a9a6f6d,4.333333333333333
d3f2ea60-e5db-4cb7-b254-f56a12057e70,5.5
91a4f426-76df-4095-832a-76c95707ffb6,17.2
aaa756c9-75c8-43c5-8a83-c9d912520655,4.4
016c5460-b2bb-4962-9028-12dd48927deb,12.933333333333334
301e3002-471b-431e-9895-e931262597f5,25.666666666666668
b3c47967-330e-4267-b066-b0cb4cbb4929,5.6
1982693f-4bb7-4fcf-b57d-aed9b17e313b,0.13333333333333333
5974243d-6230-4cad-8644-e8d1cd73efb7,37.083333333333336
50f391d4-3856-4c2b-a160-efbee65f8305,6.583333333333333
2317f780-46cc-4a08-a42d-7090562904ac,13.65
033ea62f-01f8-4bfd-a77b-b9621647fdf9,6.866666666666666
1a43ca8a-100a-4ff8-8d03-8bada2c44b4c,11.45
42ffc03c-09bb-42be-ac0a-43175cb649da,14.433333333333334
0b465276-031d-40f8-8912-415eb514454f,0.05
fd1960d9-42fa-4e9b-9559-4dc51b85fd54,15.833333333333334
583ea8b5-44a4-428e-800c-4504ca30621d,4.866666666666666
2d0ffcd8-b31c-48d6-8abb-3eade1363a30,20.183333333333334
fb2b580f-8a3f-4764-9046-ac2678922506,16.683333333333334
c479c0a6-f751-4ee6-add9-5547f0b0a37d,32.78333333333333
bf86b188-0885-4648-aaea-83700024ce19,3.6
f099ac04-ce4c-4483-bc18-bcfa1c23eef2,13.766666666666667
cfa29af6-5fe3-4881-8a39-a99ebde79626,2.0166666666666666
8c53054b-5b70-454d-b8c1-3af8d807f557,6.866666666666666
b0475e1b-3ace-4498-9a26-701594dd5720,5.35
c2ecb9e7-fef5-49f5-b31f-1900b409a6f1,3.683333333333333
f7fcb6ec-3727-478b-a063-e7d0d58d3ab7,4.383333333333334
7a7dc6cf-fc80-47ea-9e89-df9f3295b3f7,11.166666666666666
cb90feed-c80e-4b92-9fb1-b1ecb0585f84,12.3
c1529c8d-7172-4e67-ad26-877678ff1f40,3.15
a9c68799-a788-4e5d-8dc3-f3a4addb2aff,0.06666666666666667
2f77acf1-3ab9-49d4-a351-37631cb91f28,9.933333333333334
8b466214-0246-4455-80f7-c19058c02506,0.016666666666666666
2ca27c5d-29cc-4630-8d24-77e643b0ee17,16.633333333333333
61c753be-5cff-4eba-b6ed-2c1a8418c029,0.03333333333333333
eac74aee-85c8-4bef-af4d-c4b5b404df84,27.95
21365066-fb46-4462-9657-c560d48a5c3e,8.133333333333333
7b87620a-a4ac-41ac-935d-5acef868330f,7.766666666666667
4a6d0a9c-4550-491f-b6d6-54f6846241c8,25.133333333333333
cebeb778-dd09-470e-a9d2-608fb47e1419,15.95
ba23b87c-569a-4789-9388-5226d9a4045f,8.0
02565872-fe4d-4909-80fd-a1f1a574b290,13.716666666666667
dc559373-26d1-4475-8293-7ef7f269f1ce,14.933333333333334
ef93bdb8-878e-4512-b0f4-518c39895919,6.333333333333333
e840b01c-b6d6-4b97-8541-422ffe967299,9.5
f453f9b8-a935-4fe7-8947-8c6eac936822,14.9
6619178d-c7b0-47fe-a4a6-59ab378b4676,2.533333333333333
5b4cfcee-d8b6-4b67-9fae-b624a88d39ef,20.1
c2909c98-732d-42a4-818f-454f234d58eb,10.6
ee0921e0-4179-478d-bf05-f443ddbbfe49,13.933333333333334
23de0882-d8b7-46ce-9f56-0d8b842a74a1,7.85
a4899e21-3a0b-49be-b4ee-9eab983b1a30,0.08333333333333333
03baef81-f32e-4f2a-baf4-eec32d0c9d4f,18.166666666666668
4ee27bec-a3aa-49a7-af55-4ea41f6dd28a,4.816666666666666
5e5b9f04-7929-4389-8ee7-945536da43ca,3.783333333333333
55c5e169-e286-4b56-8e71-d65292d4d86f,8.666666666666666
a34bb3d6-87c1-4a97-bb98-dcd2c182b834,4.783333333333333
a838ca5f-bc30-449a-8a62-c48915d8f96a,10.216666666666667
56acc318-b68b-4f50-9804-a706199669c4,7.65
12842a3e-11a5-422c-8f98-271e9d5eebe4,4.783333333333333
cc35c2d5-079c-47f2-ae84-fd1110cf937f,7.416666666666667
39e78797-64c8-491f-8c45-71466992894b,4.233333333333333
c3275c23-313c-4014-9739-60db1db130b6,19.866666666666667
3d7d2bb8-0973-4d7e-96a0-d40f21d7e9fa,10.433333333333334
1eaf6c39-4da6-453f-86a1-37b12f212370,3.6166666666666667
6395b181-4e85-41dc-bf36-71b20071adaf,17.516666666666666
6ddd24bd-a99a-45ca-bb35-876ceef8d5d3,41.2
fb15879d-b50b-46f2-b19d-28924167f58e,1171.8666666666666
9bd4d42b-eb53-4691-8044-799a1b129576,18.333333333333332
230ed9bb-f052-404a-9932-f2900b4de3ee,21.916666666666668
789abd26-cbdc-4078-a809-35c9e77337f4,9.3
044ade8f-f524-4f92-947d-1f1682a96e38,10.0
9a72dafa-aaa8-488c-9dda-0e475de3904c,3.6
d936902c-4c0d-4680-9b9a-8f25e9d5b72b,12.966666666666667
589571ee-67f9-4a38-bf03-8121015d6bdf,4.083333333333333
45ebec8c-435a-484e-82da-9ec294532d8b,0.05
8dda72f3-d73b-4859-83f0-a616bfc15600,50.3
04ee85fe-f7de-4727-95e1-010a20ab5b85,9.583333333333334
c6dca23f-777b-4aed-b814-1657939358da,11.066666666666666
611e9197-e7f8-4f67-975d-462d8a1ed7ad,8.15
4da0747a-7c57-4afd-8b2f-15c44f041f39,15.966666666666667
0a21a90a-68bc-4409-81d6-6427aa666e32,9.95
3a95050e-0505-44e4-8c37-d39f791a5c5f,14.983333333333333
4ffbeb2a-218f-4234-afd2-fd810a020c2a,2.7666666666666666
0615f009-fc2c-42a5-9031-f04d118a3a42,10.516666666666667
ea0e1e95-4fdf-43ac-bb14-3a1ad60f3ea0,17.916666666666668
121da533-a905-42e0-a9a6-1a39ea886e86,3.1333333333333333
56c7a2bd-e0e5-4fe8-9457-8f33d03279ff,9.566666666666666
117ab781-f220-44f7-80f1-3c4270a3bc85,5.833333333333333
75b707d5-59b8-4327-9af5-0f796d86bc4f,7.783333333333333
c325628c-ee43-4771-bc7e-b17c0dc2c376,8.866666666666667
7ae069e0-f6e9-419f-b775-a5373c9edeeb,17.35
f8168ac8-280a-4882-a179-8ada99d96075,6.566666666666666
c2f070b9-767b-4109-8613-a06794c1a75e,36.21666666666667
095103c5-6b08-4b4e-bc78-8e85fe4f0d3d,11.733333333333333
4e9585d6-e100-487f-baf6-f78d1635f10d,5.0
d9b3b178-1041-400a-8b18-967f5e785b61,10.566666666666666
2044cff3-0e8c-44b0-bd6c-5170c4da1810,8.8
edbcfc80-64a3-4257-a801-4364c334220d,15.45
ca7b37f8-20a3-481f-b0a9-b66bb6165460,11.216666666666667
e0fc355d-b961-4b8a-82f5-4198d2b2065d,6.15
8653b12f-68de-4ddf-b438-d84306ef4f09,12.2
a0953fa6-e949-4690-9f54-1a9f57db4b50,4.116666666666666
411d4bbe-47cf-4727-842c-58c1a4a68243,10.833333333333334
03869799-1c2f-4441-87df-4fb86d014c23,14.5
80dc9628-0b1d-4c81-84d7-84b7dbba252f,19.166666666666668
7ec10ee9-dfc0-43cd-9133-cbda69007cf0,16.216666666666665
8da201a8-35f2-42a5-9faf-9ba104ca7978,7.933333333333334
692e8f95-7710-4eb9-ad8e-70b0e08faee5,3.933333333333333
5d110a52-4347-428b-b526-3ba264a85034,12.216666666666667
bbe4476d-e6e7-4528-b4d3-2306b0e25e24,11.383333333333333
7155c0b4-52bc-48f5-923c-f73f6d103e24,24.866666666666667
